Model,MAE,RMSE,n_factors
SVD (Scipy),3.12897330065974,3.281774636044299,29
